dataset,phase,var,py_var,cells,match,diverge,missing,max_abs_err,max_rel_err,residual,git_sha,generated_at
9x10,base,afeall,afeall,450,450,0,0,0.000000e+00,0.000000e+00,2.217864e-11,0153474,2026-05-11T01:02:29Z
9x10,base,afecom,afecom,5,5,0,0,0.000000e+00,0.000000e+00,2.217864e-11,0153474,2026-05-11T01:02:29Z
9x10,base,afefac,afefac,50,50,0,0,0.000000e+00,0.000000e+00,2.217864e-11,0153474,2026-05-11T01:02:29Z
9x10,base,afereg,afereg,10,10,0,0,0.000000e+00,0.000000e+00,2.217864e-11,0153474,2026-05-11T01:02:29Z
9x10,base,afesec,afesec,9,9,0,0,0.000000e+00,0.000000e+00,2.217864e-11,0153474,2026-05-11T01:02:29Z
9x10,base,aioall,aioall,900,900,0,0,0.000000e+00,0.000000e+00,2.217864e-11,0153474,2026-05-11T01:02:29Z
9x10,base,aiocom,aiocom,10,10,0,0,0.000000e+00,0.000000e+00,2.217864e-11,0153474,2026-05-11T01:02:29Z
9x10,base,aioreg,aioreg,10,10,0,0,0.000000e+00,0.000000e+00,2.217864e-11,0153474,2026-05-11T01:02:29Z
9x10,base,aiosec,aiosec,9,9,0,0,0.000000e+00,0.000000e+00,2.217864e-11,0153474,2026-05-11T01:02:29Z
9x10,base,andall,andall,90,90,0,0,0.000000e+00,0.000000e+00,2.217864e-11,0153474,2026-05-11T01:02:29Z
9x10,base,andreg,andreg,10,10,0,0,0.000000e+00,0.000000e+00,2.217864e-11,0153474,2026-05-11T01:02:29Z
9x10,base,andsec,andsec,9,9,0,0,0.000000e+00,0.000000e+00,2.217864e-11,0153474,2026-05-11T01:02:29Z
9x10,base,ape,ape,1000,1000,0,0,2.273737e-13,1.686018e-14,2.217864e-11,0153474,2026-05-11T01:02:29Z
9x10,base,arent,arent,10,10,0,0,1.080205e-08,7.082998e-08,2.217864e-11,0153474,2026-05-11T01:02:29Z
9x10,base,au,au,10,10,0,0,0.000000e+00,0.000000e+00,2.217864e-11,0153474,2026-05-11T01:02:29Z
9x10,base,aug,aug,10,10,0,0,1.364242e-11,2.271711e-15,2.217864e-11,0153474,2026-05-11T01:02:29Z
9x10,base,aus,aus,10,10,0,0,1.182343e-11,2.080704e-15,2.217864e-11,0153474,2026-05-11T01:02:29Z
9x10,base,avaall,avaall,90,90,0,0,0.000000e+00,0.000000e+00,2.217864e-11,0153474,2026-05-11T01:02:29Z
9x10,base,avareg,avareg,10,10,0,0,0.000000e+00,0.000000e+00,2.217864e-11,0153474,2026-05-11T01:02:29Z
9x10,base,avasec,avasec,9,9,0,0,0.000000e+00,0.000000e+00,2.217864e-11,0153474,2026-05-11T01:02:29Z
9x10,base,axp,axp,90,90,0,0,0.000000e+00,0.000000e+00,2.217864e-11,0153474,2026-05-11T01:02:29Z
9x10,base,axpall,axpall,90,90,0,0,0.000000e+00,0.000000e+00,2.217864e-11,0153474,2026-05-11T01:02:29Z
9x10,base,axpreg,axpreg,10,10,0,0,0.000000e+00,0.000000e+00,2.217864e-11,0153474,2026-05-11T01:02:29Z
9x10,base,axpsec,axpsec,9,9,0,0,0.000000e+00,0.000000e+00,2.217864e-11,0153474,2026-05-11T01:02:29Z
9x10,base,betag,betag,10,10,0,0,7.912274e-07,4.387565e-06,2.217864e-11,0153474,2026-05-11T01:02:29Z
9x10,base,betap,betap,10,10,0,0,5.033093e-06,8.629882e-06,2.217864e-11,0153474,2026-05-11T01:02:29Z
9x10,base,betas,betas,10,10,0,0,1.037405e-06,4.387565e-06,2.217864e-11,0153474,2026-05-11T01:02:29Z
9x10,base,bh,bh,100,100,0,0,0.000000e+00,0.000000e+00,2.217864e-11,0153474,2026-05-11T01:02:29Z
9x10,base,ced,ced,1000,1000,0,0,6.106227e-16,2.682366e-13,2.217864e-11,0153474,2026-05-11T01:02:29Z
9x10,base,chiInv,chiInv,10,10,0,0,2.220446e-16,1.747234e-15,2.217864e-11,0153474,2026-05-11T01:02:29Z
9x10,base,chiSave,chiSave,1,1,0,0,2.122572e-09,2.122572e-09,2.217864e-11,0153474,2026-05-11T01:02:29Z
9x10,base,chif,chif,10,10,0,0,8.066928e-09,2.322263e-07,2.217864e-11,0153474,2026-05-11T01:02:29Z
9x10,base,cv,cv,10,10,0,0,3.249464e-07,2.660005e-07,2.217864e-11,0153474,2026-05-11T01:02:29Z
9x10,base,dintx,dintx,1300,1300,0,0,7.081141e-15,1.034734e-07,2.217864e-11,0153474,2026-05-11T01:02:29Z
9x10,base,dtxshft,dtxshft,1300,1300,0,0,0.000000e+00,0.000000e+00,2.217864e-11,0153474,2026-05-11T01:02:29Z
9x10,base,eh,eh,100,100,0,0,0.000000e+00,0.000000e+00,2.217864e-11,0153474,2026-05-11T01:02:29Z
9x10,base,etax,etax,100,100,0,0,0.000000e+00,0.000000e+00,2.217864e-11,0153474,2026-05-11T01:02:29Z
9x10,base,ev,ev,10,10,0,0,3.611356e-06,1.743187e-06,2.217864e-11,0153474,2026-05-11T01:02:29Z
9x10,base,exptx,exptx,1000,1000,0,0,8.302387e-15,2.151706e-08,2.217864e-11,0153474,2026-05-11T01:02:29Z
9x10,base,factY,facty,10,10,0,0,7.588622e-07,2.755625e-07,2.217864e-11,0153474,2026-05-11T01:02:29Z
9x10,base,fctts,fctts,450,450,0,0,0.000000e+00,0.000000e+00,2.217864e-11,0153474,2026-05-11T01:02:29Z
9x10,base,fcttx,fcttx,450,450,0,0,4.117800e-15,1.173489e-12,2.217864e-11,0153474,2026-05-11T01:02:29Z
9x10,base,gdpmp,gdpmp,10,10,0,0,5.471156e-07,2.699648e-07,2.217864e-11,0153474,2026-05-11T01:02:29Z
9x10,base,imptx,imptx,1000,1000,0,0,1.054712e-14,6.816948e-08,2.217864e-11,0153474,2026-05-11T01:02:29Z
9x10,base,incelas,incelas,100,100,0,0,5.107026e-15,4.981495e-15,2.217864e-11,0153474,2026-05-11T01:02:29Z
9x10,base,kapEnd,kapEnd,10,10,0,0,2.512868e-06,6.114944e-07,2.217864e-11,0153474,2026-05-11T01:02:29Z
9x10,base,kappaf,kappaf,290,290,0,0,4.996004e-16,4.287280e-15,2.217864e-11,0153474,2026-05-11T01:02:29Z
9x10,base,kstock,kstock,10,10,0,0,7.105427e-15,4.391713e-16,2.217864e-11,0153474,2026-05-11T01:02:29Z
9x10,base,lambdaf,lambdaf,450,450,0,0,0.000000e+00,0.000000e+00,2.217864e-11,0153474,2026-05-11T01:02:29Z
9x10,base,lambdai,lambdai,100,100,0,0,0.000000e+00,0.000000e+00,2.217864e-11,0153474,2026-05-11T01:02:29Z
9x10,base,lambdaio,lambdaio,900,900,0,0,0.000000e+00,0.000000e+00,2.217864e-11,0153474,2026-05-11T01:02:29Z
9x10,base,lambdam,lambdam,1000,1000,0,0,0.000000e+00,0.000000e+00,2.217864e-11,0153474,2026-05-11T01:02:29Z
9x10,base,lambdamg,lambdamg,10000,10000,0,0,0.000000e+00,0.000000e+00,2.217864e-11,0153474,2026-05-11T01:02:29Z
9x10,base,lambdand,lambdand,90,90,0,0,0.000000e+00,0.000000e+00,2.217864e-11,0153474,2026-05-11T01:02:29Z
9x10,base,lambdava,lambdava,90,90,0,0,0.000000e+00,0.000000e+00,2.217864e-11,0153474,2026-05-11T01:02:29Z
9x10,base,mintx,mintx,1300,1300,0,0,9.646797e-15,6.994583e-08,2.217864e-11,0153474,2026-05-11T01:02:29Z
9x10,base,mtax,mtax,100,100,0,0,0.000000e+00,0.000000e+00,2.217864e-11,0153474,2026-05-11T01:02:29Z
9x10,base,mtxshft,mtxshft,1300,1300,0,0,0.000000e+00,0.000000e+00,2.217864e-11,0153474,2026-05-11T01:02:29Z
9x10,base,nd,nd,90,90,0,0,5.164816e-06,4.535660e-06,2.217864e-11,0153474,2026-05-11T01:02:29Z
9x10,base,p,p,900,900,0,0,5.140372e-07,5.202579e-07,2.217864e-11,0153474,2026-05-11T01:02:29Z
9x10,base,pa,pa,1300,1300,0,0,5.177380e-07,5.177380e-07,2.217864e-11,0153474,2026-05-11T01:02:29Z
9x10,base,pabs,pabs,10,10,0,0,2.416302e-07,2.416302e-07,2.217864e-11,0153474,2026-05-11T01:02:29Z
9x10,base,pcons,pcons,10,10,0,0,2.660005e-07,2.660005e-07,2.217864e-11,0153474,2026-05-11T01:02:29Z
9x10,base,pd,pd,100,100,0,0,5.202579e-07,5.202579e-07,2.217864e-11,0153474,2026-05-11T01:02:29Z
9x10,base,pdp,pdp,1300,1300,0,0,5.314427e-07,5.202579e-07,2.217864e-11,0153474,2026-05-11T01:02:29Z
9x10,base,pe,pe,1000,1000,0,0,5.202579e-07,5.202579e-07,2.217864e-11,0153474,2026-05-11T01:02:29Z
9x10,base,pefob,pefob,1000,1000,0,0,5.203636e-07,5.202579e-07,2.217864e-11,0153474,2026-05-11T01:02:29Z
9x10,base,pet,pet,100,100,0,0,5.202579e-07,5.202579e-07,2.217864e-11,0153474,2026-05-11T01:02:29Z
9x10,base,pf,pf,450,450,0,0,2.381397e-06,2.234182e-06,2.217864e-11,0153474,2026-05-11T01:02:29Z
9x10,base,pfa,pfa,450,450,0,0,2.420255e-06,2.234182e-06,2.217864e-11,0153474,2026-05-11T01:02:29Z
9x10,base,pfact,pfact,10,10,0,0,2.603898e-07,2.603898e-07,2.217864e-11,0153474,2026-05-11T01:02:29Z
9x10,base,pft,pft,40,40,0,0,2.234182e-06,2.234182e-06,2.217864e-11,0153474,2026-05-11T01:02:29Z
9x10,base,pfy,pfy,450,450,0,0,2.234182e-06,2.234182e-06,2.217864e-11,0153474,2026-05-11T01:02:29Z
9x10,base,pg,pg(CES gov),10,10,0,0,2.582264e-07,2.582264e-07,2.217864e-11,0153474,2026-05-11T01:02:29Z
9x10,base,pgdpmp,pgdpmp,10,10,0,0,2.220446e-16,2.220446e-16,2.217864e-11,0153474,2026-05-11T01:02:29Z
9x10,base,phi,phi,10,10,0,0,6.770690e-06,6.770660e-06,2.217864e-11,0153474,2026-05-11T01:02:29Z
9x10,base,phiP,phip,10,10,0,0,1.561259e-07,1.561265e-07,2.217864e-11,0153474,2026-05-11T01:02:29Z
9x10,base,pi,pi,10,10,0,0,1.510676e-07,1.510676e-07,2.217864e-11,0153474,2026-05-11T01:02:29Z
9x10,base,pigbl,pigbl,1,1,0,0,1.544969e-08,1.544969e-08,2.217864e-11,0153474,2026-05-11T01:02:29Z
9x10,base,pm,pm,1000,1000,0,0,1.384350e-05,1.208625e-05,2.217864e-11,0153474,2026-05-11T01:02:29Z
9x10,base,pmcif,pmcif,1000,1000,0,0,1.285048e-05,1.208625e-05,2.217864e-11,0153474,2026-05-11T01:02:29Z
9x10,base,pmp,pmp,1300,1300,0,0,1.351088e-07,9.606653e-08,2.217864e-11,0153474,2026-05-11T01:02:29Z
9x10,base,pmt,pmt,100,100,0,0,9.606653e-08,9.606653e-08,2.217864e-11,0153474,2026-05-11T01:02:29Z
9x10,base,pmuv,pmuv,1,1,0,0,0.000000e+00,0.000000e+00,2.217864e-11,0153474,2026-05-11T01:02:29Z
9x10,base,pnd,pnd,90,90,0,0,2.901191e-07,2.901191e-07,2.217864e-11,0153474,2026-05-11T01:02:29Z
9x10,base,pnum,pnum,1,1,0,0,0.000000e+00,0.000000e+00,2.217864e-11,0153474,2026-05-11T01:02:29Z
9x10,base,pop,pop,10,10,0,0,2.501110e-12,1.535953e-15,2.217864e-11,0153474,2026-05-11T01:02:29Z
9x10,base,pp,pp_rai,900,900,0,0,5.202579e-07,5.202579e-07,2.217864e-11,0153474,2026-05-11T01:02:29Z
9x10,base,prdtx,prdtx,900,900,0,0,2.619432e-16,7.060822e-13,2.217864e-11,0153474,2026-05-11T01:02:29Z
9x10,base,ps,ps,100,100,0,0,5.202579e-07,5.202579e-07,2.217864e-11,0153474,2026-05-11T01:02:29Z
9x10,base,psave,psave,10,10,0,0,1.531902e-07,1.531902e-07,2.217864e-11,0153474,2026-05-11T01:02:29Z
9x10,base,ptmg,ptmg,10,10,0,0,6.254554e-09,6.254554e-09,2.217864e-11,0153474,2026-05-11T01:02:29Z
9x10,base,pva,pva,90,90,0,0,5.758424e-07,5.758424e-07,2.217864e-11,0153474,2026-05-11T01:02:29Z
9x10,base,pwfact,pwfact,1,1,0,0,2.217360e-11,2.217360e-11,2.217864e-11,0153474,2026-05-11T01:02:29Z
9x10,base,pwmg,pwmg,1000,1000,0,0,2.034106e-04,2.033693e-04,2.217864e-11,0153474,2026-05-11T01:02:29Z
9x10,base,px,px,90,90,0,0,4.907338e-07,4.907338e-07,2.217864e-11,0153474,2026-05-11T01:02:29Z
9x10,base,regY,regy,10,10,0,0,2.666902e-06,1.985198e-06,2.217864e-11,0153474,2026-05-11T01:02:29Z
9x10,base,rgdpmp,rgdpmp,10,10,0,0,5.471156e-07,2.699648e-07,2.217864e-11,0153474,2026-05-11T01:02:29Z
9x10,base,rorc,rorc,10,10,0,0,2.562777e-08,1.943123e-07,2.217864e-11,0153474,2026-05-11T01:02:29Z
9x10,base,rore,rore,10,10,0,0,4.347285e-07,5.920616e-06,2.217864e-11,0153474,2026-05-11T01:02:29Z
9x10,base,rorg,rorg,1,1,0,0,2.043132e-09,4.379095e-08,2.217864e-11,0153474,2026-05-11T01:02:29Z
9x10,base,rsav,rsav,10,10,0,0,1.958512e-06,2.331883e-06,2.217864e-11,0153474,2026-05-11T01:02:29Z
9x10,base,rtxshft,rtxshft,130,130,0,0,0.000000e+00,0.000000e+00,2.217864e-11,0153474,2026-05-11T01:02:29Z
9x10,base,savf,savf,10,10,0,0,1.179947e-08,1.544969e-08,2.217864e-11,0153474,2026-05-11T01:02:29Z
9x10,base,tmarg,tmarg,1000,1000,0,0,1.011691e-14,1.601317e-12,2.217864e-11,0153474,2026-05-11T01:02:29Z
9x10,base,u,u,10,10,0,0,1.735631e-06,1.735631e-06,2.217864e-11,0153474,2026-05-11T01:02:29Z
9x10,base,ued,ued,1000,1000,0,0,5.273559e-16,4.340411e-15,2.217864e-11,0153474,2026-05-11T01:02:29Z
9x10,base,ug,ug,10,10,0,0,2.305092e-06,2.305092e-06,2.217864e-11,0153474,2026-05-11T01:02:29Z
9x10,base,uh,uh,10,10,0,0,1.743194e-06,1.743194e-06,2.217864e-11,0153474,2026-05-11T01:02:29Z
9x10,base,us,us,10,10,0,0,2.329265e-06,2.329265e-06,2.217864e-11,0153474,2026-05-11T01:02:29Z
9x10,base,va,va,90,90,0,0,3.923382e-06,4.535660e-06,2.217864e-11,0153474,2026-05-11T01:02:29Z
9x10,base,x,x,900,900,0,0,1.684149e-06,4.535660e-06,2.217864e-11,0153474,2026-05-11T01:02:29Z
9x10,base,xa,xaa,1300,1300,0,0,1.677940e-06,6.463262e-06,2.217864e-11,0153474,2026-05-11T01:02:29Z
9x10,base,xcshr,xcshr,100,100,0,0,1.097585e-07,1.091032e-06,2.217864e-11,0153474,2026-05-11T01:02:29Z
9x10,base,xd,xd(=xda),1300,1300,0,0,1.606147e-06,6.942274e-06,2.217864e-11,0153474,2026-05-11T01:02:29Z
9x10,base,xds,xds,100,100,0,0,1.591145e-06,4.599145e-06,2.217864e-11,0153474,2026-05-11T01:02:29Z
9x10,base,xet,xet,100,100,0,0,6.549807e-07,2.599862e-05,2.217864e-11,0153474,2026-05-11T01:02:29Z
9x10,base,xf,xf,450,450,0,0,2.119274e-06,5.099808e-06,2.217864e-11,0153474,2026-05-11T01:02:29Z
9x10,base,xft,xft,40,40,0,0,4.884981e-15,1.471505e-15,2.217864e-11,0153474,2026-05-11T01:02:29Z
9x10,base,xg,xg(=yg/pg),10,10,0,0,1.681747e-06,2.305092e-06,2.217864e-11,0153474,2026-05-11T01:02:29Z
9x10,base,xi,xi(=xiagg),10,10,0,0,2.512868e-06,6.463262e-06,2.217864e-11,0153474,2026-05-11T01:02:29Z
9x10,base,xigbl,xigbl,1,1,0,0,1.498864e-06,1.930646e-07,2.217864e-11,0153474,2026-05-11T01:02:29Z
9x10,base,xm,xm(=xma),1300,1300,0,0,7.311505e-07,6.455803e-06,2.217864e-11,0153474,2026-05-11T01:02:29Z
9x10,base,xmgm,xmgm,10000,10000,0,0,3.035317e-07,2.032914e-04,2.217864e-11,0153474,2026-05-11T01:02:29Z
9x10,base,xmt,xmt,100,100,0,0,2.719781e-07,3.675815e-06,2.217864e-11,0153474,2026-05-11T01:02:29Z
9x10,base,xp,xp,90,90,0,0,9.088198e-06,4.535660e-06,2.217864e-11,0153474,2026-05-11T01:02:29Z
9x10,base,xs,xs,100,100,0,0,1.684149e-06,4.535660e-06,2.217864e-11,0153474,2026-05-11T01:02:29Z
9x10,base,xtmg,xtmg,1,1,0,0,2.585494e-07,3.331692e-07,2.217864e-11,0153474,2026-05-11T01:02:29Z
9x10,base,xw,xw,1000,1000,0,0,1.790578e-07,4.698809e-06,2.217864e-11,0153474,2026-05-11T01:02:29Z
9x10,base,xwmg,xwmg,1000,1000,0,0,6.853176e-09,4.698809e-06,2.217864e-11,0153474,2026-05-11T01:02:29Z
9x10,base,yc,yc,10,10,0,0,3.634318e-06,1.848423e-06,2.217864e-11,0153474,2026-05-11T01:02:29Z
9x10,base,yg,yg,10,10,0,0,1.740168e-06,2.331883e-06,2.217864e-11,0153474,2026-05-11T01:02:29Z
9x10,base,yi,yi,10,10,0,0,1.953878e-06,2.031166e-06,2.217864e-11,0153474,2026-05-11T01:02:29Z
9x10,base,ytax,ytax,90,90,0,0,3.498471e-07,6.331435e-06,2.217864e-11,0153474,2026-05-11T01:02:29Z
9x10,base,ytaxInd,ytaxInd,10,10,0,0,4.430347e-07,3.407911e-07,2.217864e-11,0153474,2026-05-11T01:02:29Z
9x10,base,ytaxTot,ytaxTot,10,10,0,0,4.651611e-07,2.180840e-07,2.217864e-11,0153474,2026-05-11T01:02:29Z
9x10,base,ytaxshr,ytaxshr,90,90,0,0,1.751847e-07,8.316649e-06,2.217864e-11,0153474,2026-05-11T01:02:29Z
9x10,base,zcons,zcons,100,100,0,0,6.871010e-08,1.184255e-06,2.217864e-11,0153474,2026-05-11T01:02:29Z
9x10,base,__SUMMARY__,,59958,59958,0,0,,,2.217864e-11,0153474,2026-05-11T01:02:29Z
9x10,shock,afeall,afeall,450,450,0,0,0.000000e+00,0.000000e+00,6.015423e-13,0153474,2026-05-11T01:02:29Z
9x10,shock,afecom,afecom,5,5,0,0,0.000000e+00,0.000000e+00,6.015423e-13,0153474,2026-05-11T01:02:29Z
9x10,shock,afefac,afefac,50,50,0,0,0.000000e+00,0.000000e+00,6.015423e-13,0153474,2026-05-11T01:02:29Z
9x10,shock,afereg,afereg,10,10,0,0,0.000000e+00,0.000000e+00,6.015423e-13,0153474,2026-05-11T01:02:29Z
9x10,shock,afesec,afesec,9,9,0,0,0.000000e+00,0.000000e+00,6.015423e-13,0153474,2026-05-11T01:02:29Z
9x10,shock,aioall,aioall,900,900,0,0,0.000000e+00,0.000000e+00,6.015423e-13,0153474,2026-05-11T01:02:29Z
9x10,shock,aiocom,aiocom,10,10,0,0,0.000000e+00,0.000000e+00,6.015423e-13,0153474,2026-05-11T01:02:29Z
9x10,shock,aioreg,aioreg,10,10,0,0,0.000000e+00,0.000000e+00,6.015423e-13,0153474,2026-05-11T01:02:29Z
9x10,shock,aiosec,aiosec,9,9,0,0,0.000000e+00,0.000000e+00,6.015423e-13,0153474,2026-05-11T01:02:29Z
9x10,shock,andall,andall,90,90,0,0,0.000000e+00,0.000000e+00,6.015423e-13,0153474,2026-05-11T01:02:29Z
9x10,shock,andreg,andreg,10,10,0,0,0.000000e+00,0.000000e+00,6.015423e-13,0153474,2026-05-11T01:02:29Z
9x10,shock,andsec,andsec,9,9,0,0,0.000000e+00,0.000000e+00,6.015423e-13,0153474,2026-05-11T01:02:29Z
9x10,shock,ape,ape,1000,1000,0,0,2.273737e-13,1.686018e-14,6.015423e-13,0153474,2026-05-11T01:02:29Z
9x10,shock,arent,arent,10,10,0,0,5.797079e-08,3.549486e-07,6.015423e-13,0153474,2026-05-11T01:02:29Z
9x10,shock,au,au,10,10,0,0,0.000000e+00,0.000000e+00,6.015423e-13,0153474,2026-05-11T01:02:29Z
9x10,shock,aug,aug,10,10,0,0,1.364242e-11,2.271711e-15,6.015423e-13,0153474,2026-05-11T01:02:29Z
9x10,shock,aus,aus,10,10,0,0,1.182343e-11,2.080704e-15,6.015423e-13,0153474,2026-05-11T01:02:29Z
9x10,shock,avaall,avaall,90,90,0,0,0.000000e+00,0.000000e+00,6.015423e-13,0153474,2026-05-11T01:02:29Z
9x10,shock,avareg,avareg,10,10,0,0,0.000000e+00,0.000000e+00,6.015423e-13,0153474,2026-05-11T01:02:29Z
9x10,shock,avasec,avasec,9,9,0,0,0.000000e+00,0.000000e+00,6.015423e-13,0153474,2026-05-11T01:02:29Z
9x10,shock,axp,axp,90,90,0,0,0.000000e+00,0.000000e+00,6.015423e-13,0153474,2026-05-11T01:02:29Z
9x10,shock,axpall,axpall,90,90,0,0,0.000000e+00,0.000000e+00,6.015423e-13,0153474,2026-05-11T01:02:29Z
9x10,shock,axpreg,axpreg,10,10,0,0,0.000000e+00,0.000000e+00,6.015423e-13,0153474,2026-05-11T01:02:29Z
9x10,shock,axpsec,axpsec,9,9,0,0,0.000000e+00,0.000000e+00,6.015423e-13,0153474,2026-05-11T01:02:29Z
9x10,shock,betag,betag,10,10,0,0,2.851236e-07,1.737523e-06,6.015423e-13,0153474,2026-05-11T01:02:29Z
9x10,shock,betap,betap,10,10,0,0,1.218955e-06,1.737523e-06,6.015423e-13,0153474,2026-05-11T01:02:29Z
9x10,shock,betas,betas,10,10,0,0,2.334474e-07,1.737523e-06,6.015423e-13,0153474,2026-05-11T01:02:29Z
9x10,shock,bh,bh,100,100,0,0,0.000000e+00,0.000000e+00,6.015423e-13,0153474,2026-05-11T01:02:29Z
9x10,shock,ced,ced,1000,1000,0,0,6.106227e-16,2.682366e-13,6.015423e-13,0153474,2026-05-11T01:02:29Z
9x10,shock,chiInv,chiInv,10,10,0,0,2.220446e-16,1.747234e-15,6.015423e-13,0153474,2026-05-11T01:02:29Z
9x10,shock,chiSave,chiSave,1,1,0,0,7.968334e-05,7.968359e-05,6.015423e-13,0153474,2026-05-11T01:02:29Z
9x10,shock,chif,chif,10,10,0,0,2.976223e-08,2.955676e-07,6.015423e-13,0153474,2026-05-11T01:02:29Z
9x10,shock,cv,cv,10,10,0,0,1.682630e-06,2.438080e-07,6.015423e-13,0153474,2026-05-11T01:02:29Z
9x10,shock,dintx,dintx,1300,1300,0,0,7.081141e-15,1.034734e-07,6.015423e-13,0153474,2026-05-11T01:02:29Z
9x10,shock,dtxshft,dtxshft,1300,1300,0,0,0.000000e+00,0.000000e+00,6.015423e-13,0153474,2026-05-11T01:02:29Z
9x10,shock,eh,eh,100,100,0,0,0.000000e+00,0.000000e+00,6.015423e-13,0153474,2026-05-11T01:02:29Z
9x10,shock,etax,etax,100,100,0,0,0.000000e+00,0.000000e+00,6.015423e-13,0153474,2026-05-11T01:02:29Z
9x10,shock,ev,ev,10,10,0,0,1.074293e-06,1.359925e-07,6.015423e-13,0153474,2026-05-11T01:02:29Z
9x10,shock,exptx,exptx,1000,1000,0,0,8.302387e-15,2.151706e-08,6.015423e-13,0153474,2026-05-11T01:02:29Z
9x10,shock,factY,facty,10,10,0,0,2.997849e-06,3.647827e-07,6.015423e-13,0153474,2026-05-11T01:02:29Z
9x10,shock,fctts,fctts,450,450,0,0,0.000000e+00,0.000000e+00,6.015423e-13,0153474,2026-05-11T01:02:29Z
9x10,shock,fcttx,fcttx,450,450,0,0,4.117800e-15,1.173489e-12,6.015423e-13,0153474,2026-05-11T01:02:29Z
9x10,shock,gdpmp,gdpmp,10,10,0,0,3.757777e-06,2.945384e-07,6.015423e-13,0153474,2026-05-11T01:02:29Z
9x10,shock,imptx,imptx,1000,1000,0,0,1.210143e-14,6.816948e-08,6.015423e-13,0153474,2026-05-11T01:02:29Z
9x10,shock,incelas,incelas,100,100,0,0,5.107026e-15,4.981495e-15,6.015423e-13,0153474,2026-05-11T01:02:29Z
9x10,shock,kapEnd,kapEnd,10,10,0,0,1.770401e-07,1.204503e-08,6.015423e-13,0153474,2026-05-11T01:02:29Z
9x10,shock,kappaf,kappaf,290,290,0,0,4.996004e-16,4.287280e-15,6.015423e-13,0153474,2026-05-11T01:02:29Z
9x10,shock,kstock,kstock,10,10,0,0,7.105427e-15,4.391713e-16,6.015423e-13,0153474,2026-05-11T01:02:29Z
9x10,shock,lambdaf,lambdaf,450,450,0,0,0.000000e+00,0.000000e+00,6.015423e-13,0153474,2026-05-11T01:02:29Z
9x10,shock,lambdai,lambdai,100,100,0,0,0.000000e+00,0.000000e+00,6.015423e-13,0153474,2026-05-11T01:02:29Z
9x10,shock,lambdaio,lambdaio,900,900,0,0,0.000000e+00,0.000000e+00,6.015423e-13,0153474,2026-05-11T01:02:29Z
9x10,shock,lambdam,lambdam,1000,1000,0,0,0.000000e+00,0.000000e+00,6.015423e-13,0153474,2026-05-11T01:02:29Z
9x10,shock,lambdamg,lambdamg,10000,10000,0,0,0.000000e+00,0.000000e+00,6.015423e-13,0153474,2026-05-11T01:02:29Z
9x10,shock,lambdand,lambdand,90,90,0,0,0.000000e+00,0.000000e+00,6.015423e-13,0153474,2026-05-11T01:02:29Z
9x10,shock,lambdava,lambdava,90,90,0,0,0.000000e+00,0.000000e+00,6.015423e-13,0153474,2026-05-11T01:02:29Z
9x10,shock,mintx,mintx,1300,1300,0,0,9.646797e-15,6.994583e-08,6.015423e-13,0153474,2026-05-11T01:02:29Z
9x10,shock,mtax,mtax,100,100,0,0,0.000000e+00,0.000000e+00,6.015423e-13,0153474,2026-05-11T01:02:29Z
9x10,shock,mtxshft,mtxshft,1300,1300,0,0,0.000000e+00,0.000000e+00,6.015423e-13,0153474,2026-05-11T01:02:29Z
9x10,shock,nd,nd,90,90,0,0,1.195346e-06,2.324032e-06,6.015423e-13,0153474,2026-05-11T01:02:29Z
9x10,shock,p,p,900,900,0,0,4.376864e-07,4.394108e-07,6.015423e-13,0153474,2026-05-11T01:02:29Z
9x10,shock,pa,pa,1300,1300,0,0,2.176847e-06,2.174628e-06,6.015423e-13,0153474,2026-05-11T01:02:29Z
9x10,shock,pabs,pabs,10,10,0,0,2.474649e-07,2.468402e-07,6.015423e-13,0153474,2026-05-11T01:02:29Z
9x10,shock,pcons,pcons,10,10,0,0,2.443584e-07,2.436686e-07,6.015423e-13,0153474,2026-05-11T01:02:29Z
9x10,shock,pd,pd,100,100,0,0,4.398188e-07,4.394108e-07,6.015423e-13,0153474,2026-05-11T01:02:29Z
9x10,shock,pdp,pdp,1300,1300,0,0,4.476796e-07,4.394108e-07,6.015423e-13,0153474,2026-05-11T01:02:29Z
9x10,shock,pe,pe,1000,1000,0,0,4.398188e-07,4.394108e-07,6.015423e-13,0153474,2026-05-11T01:02:29Z
9x10,shock,pefob,pefob,1000,1000,0,0,4.398188e-07,4.394108e-07,6.015423e-13,0153474,2026-05-11T01:02:29Z
9x10,shock,pet,pet,100,100,0,0,4.398188e-07,4.394108e-07,6.015423e-13,0153474,2026-05-11T01:02:29Z
9x10,shock,pf,pf,450,450,0,0,1.664422e-06,1.597393e-06,6.015423e-13,0153474,2026-05-11T01:02:29Z
9x10,shock,pfa,pfa,450,450,0,0,1.681044e-06,1.597393e-06,6.015423e-13,0153474,2026-05-11T01:02:29Z
9x10,shock,pfact,pfact,10,10,0,0,3.339841e-07,3.336936e-07,6.015423e-13,0153474,2026-05-11T01:02:29Z
9x10,shock,pft,pft,40,40,0,0,1.472196e-06,1.508118e-06,6.015423e-13,0153474,2026-05-11T01:02:29Z
9x10,shock,pfy,pfy,450,450,0,0,1.599850e-06,1.597393e-06,6.015423e-13,0153474,2026-05-11T01:02:29Z
9x10,shock,pg,pg(CES gov),10,10,0,0,3.733776e-07,3.729245e-07,6.015423e-13,0153474,2026-05-11T01:02:29Z
9x10,shock,pgdpmp,pgdpmp,10,10,0,0,2.749034e-07,2.741917e-07,6.015423e-13,0153474,2026-05-11T01:02:29Z
9x10,shock,phi,phi,10,10,0,0,1.737563e-06,1.737770e-06,6.015423e-13,0153474,2026-05-11T01:02:29Z
9x10,shock,phiP,phip,10,10,0,0,4.409839e-08,4.411069e-08,6.015423e-13,0153474,2026-05-11T01:02:29Z
9x10,shock,pi,pi,10,10,0,0,1.920008e-07,1.915406e-07,6.015423e-13,0153474,2026-05-11T01:02:29Z
9x10,shock,pigbl,pigbl,1,1,0,0,2.328081e-08,2.326475e-08,6.015423e-13,0153474,2026-05-11T01:02:29Z
9x10,shock,pm,pm,1000,1000,0,0,1.375437e-05,1.193247e-05,6.015423e-13,0153474,2026-05-11T01:02:29Z
9x10,shock,pmcif,pmcif,1000,1000,0,0,1.267682e-05,1.193247e-05,6.015423e-13,0153474,2026-05-11T01:02:29Z
9x10,shock,pmp,pmp,1300,1300,0,0,8.093937e-06,7.818307e-06,6.015423e-13,0153474,2026-05-11T01:02:29Z
9x10,shock,pmt,pmt,100,100,0,0,7.861424e-06,7.818307e-06,6.015423e-13,0153474,2026-05-11T01:02:29Z
9x10,shock,pmuv,pmuv,1,1,0,0,5.572309e-04,5.569206e-04,6.015423e-13,0153474,2026-05-11T01:02:29Z
9x10,shock,pnd,pnd,90,90,0,0,2.641050e-07,2.632424e-07,6.015423e-13,0153474,2026-05-11T01:02:29Z
9x10,shock,pnum,pnum,1,1,0,0,0.000000e+00,0.000000e+00,6.015423e-13,0153474,2026-05-11T01:02:29Z
9x10,shock,pop,pop,10,10,0,0,2.501110e-12,1.535953e-15,6.015423e-13,0153474,2026-05-11T01:02:29Z
9x10,shock,pp,pp_rai,900,900,0,0,4.398188e-07,4.394108e-07,6.015423e-13,0153474,2026-05-11T01:02:29Z
9x10,shock,prdtx,prdtx,900,900,0,0,2.619432e-16,7.060822e-13,6.015423e-13,0153474,2026-05-11T01:02:29Z
9x10,shock,ps,ps,100,100,0,0,4.398188e-07,4.394108e-07,6.015423e-13,0153474,2026-05-11T01:02:29Z
9x10,shock,psave,psave,10,10,0,0,8.006976e-05,7.987511e-05,6.015423e-13,0153474,2026-05-11T01:02:29Z
9x10,shock,ptmg,ptmg,10,10,0,0,3.421408e-08,3.421172e-08,6.015423e-13,0153474,2026-05-11T01:02:29Z
9x10,shock,pva,pva,90,90,0,0,5.088972e-07,5.085590e-07,6.015423e-13,0153474,2026-05-11T01:02:29Z
9x10,shock,pwfact,pwfact,1,1,0,0,1.110223e-15,1.110223e-15,6.015423e-13,0153474,2026-05-11T01:02:29Z
9x10,shock,pwmg,pwmg,1000,1000,0,0,2.034651e-04,2.034097e-04,6.015423e-13,0153474,2026-05-11T01:02:29Z
9x10,shock,px,px,90,90,0,0,4.398188e-07,4.394108e-07,6.015423e-13,0153474,2026-05-11T01:02:29Z
9x10,shock,regY,regy,10,10,0,0,3.558425e-06,3.188317e-07,6.015423e-13,0153474,2026-05-11T01:02:29Z
9x10,shock,rgdpmp,rgdpmp,10,10,0,0,4.014531e-07,2.473119e-07,6.015423e-13,0153474,2026-05-11T01:02:29Z
9x10,shock,rorc,rorc,10,10,0,0,4.705483e-08,3.830490e-07,6.015423e-13,0153474,2026-05-11T01:02:29Z
9x10,shock,rore,rore,10,10,0,0,1.368058e-08,2.626004e-07,6.015423e-13,0153474,2026-05-11T01:02:29Z
9x10,shock,rorg,rorg,1,1,0,0,1.827308e-09,3.921035e-08,6.015423e-13,0153474,2026-05-11T01:02:29Z
9x10,shock,rsav,rsav,10,10,0,0,3.191763e-07,3.511399e-07,6.015423e-13,0153474,2026-05-11T01:02:29Z
9x10,shock,rtxshft,rtxshft,130,130,0,0,0.000000e+00,0.000000e+00,6.015423e-13,0153474,2026-05-11T01:02:29Z
9x10,shock,savf,savf,10,10,0,0,1.778038e-08,2.326476e-08,6.015423e-13,0153474,2026-05-11T01:02:29Z
9x10,shock,tmarg,tmarg,1000,1000,0,0,1.011691e-14,1.601317e-12,6.015423e-13,0153474,2026-05-11T01:02:29Z
9x10,shock,u,u,10,10,0,0,2.063128e-05,2.064615e-05,6.015423e-13,0153474,2026-05-11T01:02:29Z
9x10,shock,ued,ued,1000,1000,0,0,5.273559e-16,4.340411e-15,6.015423e-13,0153474,2026-05-11T01:02:29Z
9x10,shock,ug,ug,10,10,0,0,1.007233e-07,1.006883e-07,6.015423e-13,0153474,2026-05-11T01:02:29Z
9x10,shock,uh,uh,10,10,0,0,1.359483e-07,1.359973e-07,6.015423e-13,0153474,2026-05-11T01:02:29Z
9x10,shock,us,us,10,10,0,0,7.981781e-05,7.982430e-05,6.015423e-13,0153474,2026-05-11T01:02:29Z
9x10,shock,va,va,90,90,0,0,9.889387e-07,2.324032e-06,6.015423e-13,0153474,2026-05-11T01:02:29Z
9x10,shock,x,x,900,900,0,0,1.417310e-06,2.324032e-06,6.015423e-13,0153474,2026-05-11T01:02:29Z
9x10,shock,xa,xaa,1300,1300,0,0,1.720886e-06,7.705831e-05,6.015423e-13,0153474,2026-05-11T01:02:29Z
9x10,shock,xcshr,xcshr,100,100,0,0,4.022411e-08,2.876479e-07,6.015423e-13,0153474,2026-05-11T01:02:29Z
9x10,shock,xd,xd(=xda),1300,1300,0,0,1.580785e-06,7.710712e-05,6.015423e-13,0153474,2026-05-11T01:02:29Z
9x10,shock,xds,xds,100,100,0,0,1.541090e-06,2.528908e-06,6.015423e-13,0153474,2026-05-11T01:02:29Z
9x10,shock,xet,xet,100,100,0,0,1.225004e-06,1.926479e-05,6.015423e-13,0153474,2026-05-11T01:02:29Z
9x10,shock,xf,xf,450,450,0,0,5.409990e-07,2.826747e-06,6.015423e-13,0153474,2026-05-11T01:02:29Z
9x10,shock,xft,xft,40,40,0,0,4.884981e-15,1.471505e-15,6.015423e-13,0153474,2026-05-11T01:02:29Z
9x10,shock,xg,xg(=yg/pg),10,10,0,0,1.179323e-07,1.006883e-07,6.015423e-13,0153474,2026-05-11T01:02:29Z
9x10,shock,xi,xi(=xiagg),10,10,0,0,1.770401e-07,1.012900e-07,6.015423e-13,0153474,2026-05-11T01:02:29Z
9x10,shock,xigbl,xigbl,1,1,0,0,3.644649e-07,4.697753e-08,6.015423e-13,0153474,2026-05-11T01:02:29Z
9x10,shock,xm,xm(=xma),1300,1300,0,0,6.470275e-07,7.683259e-05,6.015423e-13,0153474,2026-05-11T01:02:29Z
9x10,shock,xmgm,xmgm,10000,10000,0,0,2.274321e-07,1.497310e-04,6.015423e-13,0153474,2026-05-11T01:02:29Z
9x10,shock,xmt,xmt,100,100,0,0,1.110415e-06,2.347698e-05,6.015423e-13,0153474,2026-05-11T01:02:29Z
9x10,shock,xp,xp,90,90,0,0,1.763467e-06,2.324032e-06,6.015423e-13,0153474,2026-05-11T01:02:29Z
9x10,shock,xs,xs,100,100,0,0,1.417310e-06,2.324032e-06,6.015423e-13,0153474,2026-05-11T01:02:29Z
9x10,shock,xtmg,xtmg,1,1,0,0,5.280120e-08,6.847668e-08,6.015423e-13,0153474,2026-05-11T01:02:29Z
9x10,shock,xw,xw,1000,1000,0,0,1.353593e-06,5.365548e-05,6.015423e-13,0153474,2026-05-11T01:02:29Z
9x10,shock,xwmg,xwmg,1000,1000,0,0,7.794389e-08,5.365548e-05,6.015423e-13,0153474,2026-05-11T01:02:29Z
9x10,shock,yc,yc,10,10,0,0,2.757518e-06,3.070292e-07,6.015423e-13,0153474,2026-05-11T01:02:29Z
9x10,shock,yg,yg,10,10,0,0,6.865372e-07,3.511397e-07,6.015423e-13,0153474,2026-05-11T01:02:29Z
9x10,shock,yi,yi,10,10,0,0,4.043118e-07,2.894267e-07,6.015423e-13,0153474,2026-05-11T01:02:29Z
9x10,shock,ytax,ytax,100,100,0,0,5.348230e-07,1.854314e-05,6.015423e-13,0153474,2026-05-11T01:02:29Z
9x10,shock,ytaxInd,ytaxInd,10,10,0,0,5.605757e-07,1.886913e-07,6.015423e-13,0153474,2026-05-11T01:02:29Z
9x10,shock,ytaxTot,ytaxTot,10,10,0,0,1.095399e-06,2.253130e-07,6.015423e-13,0153474,2026-05-11T01:02:29Z
9x10,shock,ytaxshr,ytaxshr,100,100,0,0,1.818530e-08,1.876222e-05,6.015423e-13,0153474,2026-05-11T01:02:29Z
9x10,shock,zcons,zcons,100,100,0,0,2.851259e-08,2.913637e-07,6.015423e-13,0153474,2026-05-11T01:02:29Z
9x10,shock,__SUMMARY__,,59978,59978,0,0,,,6.015423e-13,0153474,2026-05-11T01:02:29Z
