dataset,phase,var,py_var,cells,match,diverge,missing,max_abs_err,max_rel_err,residual,solve_seconds,git_sha,generated_at
nus333,base,afeall,afeall,18,18,0,0,0.000000e+00,0.000000e+00,1.977124e-11,0.322,e5b9385,2026-05-12T00:09:18Z
nus333,base,afecom,afecom,3,3,0,0,0.000000e+00,0.000000e+00,1.977124e-11,0.322,e5b9385,2026-05-12T00:09:18Z
nus333,base,afefac,afefac,6,6,0,0,0.000000e+00,0.000000e+00,1.977124e-11,0.322,e5b9385,2026-05-12T00:09:18Z
nus333,base,afereg,afereg,2,2,0,0,0.000000e+00,0.000000e+00,1.977124e-11,0.322,e5b9385,2026-05-12T00:09:18Z
nus333,base,afesec,afesec,3,3,0,0,0.000000e+00,0.000000e+00,1.977124e-11,0.322,e5b9385,2026-05-12T00:09:18Z
nus333,base,aioall,aioall,18,18,0,0,0.000000e+00,0.000000e+00,1.977124e-11,0.322,e5b9385,2026-05-12T00:09:18Z
nus333,base,aiocom,aiocom,3,3,0,0,0.000000e+00,0.000000e+00,1.977124e-11,0.322,e5b9385,2026-05-12T00:09:18Z
nus333,base,aioreg,aioreg,2,2,0,0,0.000000e+00,0.000000e+00,1.977124e-11,0.322,e5b9385,2026-05-12T00:09:18Z
nus333,base,aiosec,aiosec,3,3,0,0,0.000000e+00,0.000000e+00,1.977124e-11,0.322,e5b9385,2026-05-12T00:09:18Z
nus333,base,andall,andall,6,6,0,0,0.000000e+00,0.000000e+00,1.977124e-11,0.322,e5b9385,2026-05-12T00:09:18Z
nus333,base,andreg,andreg,2,2,0,0,0.000000e+00,0.000000e+00,1.977124e-11,0.322,e5b9385,2026-05-12T00:09:18Z
nus333,base,andsec,andsec,3,3,0,0,0.000000e+00,0.000000e+00,1.977124e-11,0.322,e5b9385,2026-05-12T00:09:18Z
nus333,base,ape,ape,18,18,0,0,4.810801e-10,2.258651e-10,1.977124e-11,0.322,e5b9385,2026-05-12T00:09:18Z
nus333,base,arent,arent,2,2,0,0,5.937119e-09,5.747623e-08,1.977124e-11,0.322,e5b9385,2026-05-12T00:09:18Z
nus333,base,au,au,2,2,0,0,0.000000e+00,0.000000e+00,1.977124e-11,0.322,e5b9385,2026-05-12T00:09:18Z
nus333,base,aug,aug,2,2,0,0,1.024292e-12,7.515141e-12,1.977124e-11,0.322,e5b9385,2026-05-12T00:09:18Z
nus333,base,aus,aus,2,2,0,0,2.886580e-15,1.715156e-15,1.977124e-11,0.322,e5b9385,2026-05-12T00:09:18Z
nus333,base,avaall,avaall,6,6,0,0,0.000000e+00,0.000000e+00,1.977124e-11,0.322,e5b9385,2026-05-12T00:09:18Z
nus333,base,avareg,avareg,2,2,0,0,0.000000e+00,0.000000e+00,1.977124e-11,0.322,e5b9385,2026-05-12T00:09:18Z
nus333,base,avasec,avasec,3,3,0,0,0.000000e+00,0.000000e+00,1.977124e-11,0.322,e5b9385,2026-05-12T00:09:18Z
nus333,base,axp,axp,6,6,0,0,0.000000e+00,0.000000e+00,1.977124e-11,0.322,e5b9385,2026-05-12T00:09:18Z
nus333,base,axpall,axpall,6,6,0,0,0.000000e+00,0.000000e+00,1.977124e-11,0.322,e5b9385,2026-05-12T00:09:18Z
nus333,base,axpreg,axpreg,2,2,0,0,0.000000e+00,0.000000e+00,1.977124e-11,0.322,e5b9385,2026-05-12T00:09:18Z
nus333,base,axpsec,axpsec,3,3,0,0,0.000000e+00,0.000000e+00,1.977124e-11,0.322,e5b9385,2026-05-12T00:09:18Z
nus333,base,betag,betag,2,2,0,0,3.316493e-08,1.880003e-07,1.977124e-11,0.322,e5b9385,2026-05-12T00:09:18Z
nus333,base,betap,betap,2,2,0,0,2.499440e-07,3.216048e-07,1.977124e-11,0.322,e5b9385,2026-05-12T00:09:18Z
nus333,base,betas,betas,2,2,0,0,8.725815e-09,1.880003e-07,1.977124e-11,0.322,e5b9385,2026-05-12T00:09:18Z
nus333,base,bh,bh,6,6,0,0,3.647765e-11,1.116699e-10,1.977124e-11,0.322,e5b9385,2026-05-12T00:09:18Z
nus333,base,ced,ced,18,18,0,0,7.040316e-11,5.190066e-10,1.977124e-11,0.322,e5b9385,2026-05-12T00:09:18Z
nus333,base,chiInv,chiInv,2,2,0,0,6.572520e-13,3.182284e-12,1.977124e-11,0.322,e5b9385,2026-05-12T00:09:18Z
nus333,base,chiSave,chiSave,1,1,0,0,1.727676e-10,1.727676e-10,1.977124e-11,0.322,e5b9385,2026-05-12T00:09:18Z
nus333,base,chif,chif,2,2,0,0,2.229858e-09,3.852667e-08,1.977124e-11,0.322,e5b9385,2026-05-12T00:09:18Z
nus333,base,cv,cv,2,2,0,0,4.514838e-07,1.924956e-08,1.977124e-11,0.322,e5b9385,2026-05-12T00:09:18Z
nus333,base,dintx,dintx,42,42,0,0,1.581256e-10,1.602562e-03,1.977124e-11,0.322,e5b9385,2026-05-12T00:09:18Z
nus333,base,dtxshft,dtxshft,42,42,0,0,0.000000e+00,0.000000e+00,1.977124e-11,0.322,e5b9385,2026-05-12T00:09:18Z
nus333,base,eh,eh,6,6,0,0,4.031981e-10,3.571127e-10,1.977124e-11,0.322,e5b9385,2026-05-12T00:09:18Z
nus333,base,etax,etax,6,6,0,0,0.000000e+00,0.000000e+00,1.977124e-11,0.322,e5b9385,2026-05-12T00:09:18Z
nus333,base,ev,ev,2,2,0,0,1.648334e-06,7.027870e-08,1.977124e-11,0.322,e5b9385,2026-05-12T00:09:18Z
nus333,base,exptx,exptx,12,12,0,0,1.041978e-10,2.098969e-07,1.977124e-11,0.322,e5b9385,2026-05-12T00:09:18Z
nus333,base,factY,facty,2,2,0,0,7.595625e-07,6.000451e-08,1.977124e-11,0.322,e5b9385,2026-05-12T00:09:18Z
nus333,base,fctts,fctts,18,18,0,0,0.000000e+00,0.000000e+00,1.977124e-11,0.322,e5b9385,2026-05-12T00:09:18Z
nus333,base,fcttx,fcttx,18,18,0,0,1.023669e-10,1.690678e-09,1.977124e-11,0.322,e5b9385,2026-05-12T00:09:18Z
nus333,base,gdpmp,gdpmp,2,2,0,0,2.177146e-06,6.455408e-08,1.977124e-11,0.322,e5b9385,2026-05-12T00:09:18Z
nus333,base,imptx,imptx,12,12,0,0,5.097772e-10,1.778154e-08,1.977124e-11,0.322,e5b9385,2026-05-12T00:09:18Z
nus333,base,incelas,incelas,6,6,0,0,9.241830e-11,1.223688e-10,1.977124e-11,0.322,e5b9385,2026-05-12T00:09:18Z
nus333,base,kapEnd,kapEnd,2,2,0,0,4.436102e-06,3.882657e-08,1.977124e-11,0.322,e5b9385,2026-05-12T00:09:18Z
nus333,base,kappaf,kappaf,14,14,0,0,1.023670e-10,2.191645e-09,1.977124e-11,0.322,e5b9385,2026-05-12T00:09:18Z
nus333,base,kstock,kstock,2,2,0,0,0.000000e+00,0.000000e+00,1.977124e-11,0.322,e5b9385,2026-05-12T00:09:18Z
nus333,base,lambdaf,lambdaf,18,18,0,0,0.000000e+00,0.000000e+00,1.977124e-11,0.322,e5b9385,2026-05-12T00:09:18Z
nus333,base,lambdai,lambdai,6,6,0,0,0.000000e+00,0.000000e+00,1.977124e-11,0.322,e5b9385,2026-05-12T00:09:18Z
nus333,base,lambdaio,lambdaio,18,18,0,0,0.000000e+00,0.000000e+00,1.977124e-11,0.322,e5b9385,2026-05-12T00:09:18Z
nus333,base,lambdam,lambdam,12,12,0,0,0.000000e+00,0.000000e+00,1.977124e-11,0.322,e5b9385,2026-05-12T00:09:18Z
nus333,base,lambdamg,lambdamg,36,36,0,0,0.000000e+00,0.000000e+00,1.977124e-11,0.322,e5b9385,2026-05-12T00:09:18Z
nus333,base,lambdand,lambdand,6,6,0,0,0.000000e+00,0.000000e+00,1.977124e-11,0.322,e5b9385,2026-05-12T00:09:18Z
nus333,base,lambdava,lambdava,6,6,0,0,0.000000e+00,0.000000e+00,1.977124e-11,0.322,e5b9385,2026-05-12T00:09:18Z
nus333,base,mintx,mintx,42,42,0,0,8.457408e-10,1.602564e-03,1.977124e-11,0.322,e5b9385,2026-05-12T00:09:18Z
nus333,base,mtax,mtax,6,6,0,0,0.000000e+00,0.000000e+00,1.977124e-11,0.322,e5b9385,2026-05-12T00:09:18Z
nus333,base,mtxshft,mtxshft,42,42,0,0,0.000000e+00,0.000000e+00,1.977124e-11,0.322,e5b9385,2026-05-12T00:09:18Z
nus333,base,nd,nd,6,6,0,0,7.382951e-08,1.047473e-07,1.977124e-11,0.322,e5b9385,2026-05-12T00:09:18Z
nus333,base,p,p,18,18,0,0,8.712113e-08,8.679092e-08,1.977124e-11,0.322,e5b9385,2026-05-12T00:09:18Z
nus333,base,pa,pa,42,42,0,0,9.012464e-08,9.012464e-08,1.977124e-11,0.322,e5b9385,2026-05-12T00:09:18Z
nus333,base,pabs,pabs,2,2,0,0,1.887052e-08,1.887052e-08,1.977124e-11,0.322,e5b9385,2026-05-12T00:09:18Z
nus333,base,pcons,pcons,2,2,0,0,1.925009e-08,1.925009e-08,1.977124e-11,0.322,e5b9385,2026-05-12T00:09:18Z
nus333,base,pd,pd,6,6,0,0,8.679091e-08,8.679091e-08,1.977124e-11,0.322,e5b9385,2026-05-12T00:09:18Z
nus333,base,pdp,pdp,42,42,0,0,8.796705e-08,8.696005e-08,1.977124e-11,0.322,e5b9385,2026-05-12T00:09:18Z
nus333,base,pe,pe,12,12,0,0,8.679091e-08,8.679091e-08,1.977124e-11,0.322,e5b9385,2026-05-12T00:09:18Z
nus333,base,pefob,pefob,12,12,0,0,8.676729e-08,8.679087e-08,1.977124e-11,0.322,e5b9385,2026-05-12T00:09:18Z
nus333,base,pet,pet,6,6,0,0,8.679091e-08,8.679091e-08,1.977124e-11,0.322,e5b9385,2026-05-12T00:09:18Z
nus333,base,pf,pf,18,18,0,0,5.540716e-07,5.081392e-07,1.977124e-11,0.322,e5b9385,2026-05-12T00:09:18Z
nus333,base,pfa,pfa,18,18,0,0,5.313575e-07,5.082118e-07,1.977124e-11,0.322,e5b9385,2026-05-12T00:09:18Z
nus333,base,pfact,pfact,2,2,0,0,5.566897e-08,5.566897e-08,1.977124e-11,0.322,e5b9385,2026-05-12T00:09:18Z
nus333,base,pft,pft,6,6,0,0,5.082151e-07,5.082151e-07,1.977124e-11,0.322,e5b9385,2026-05-12T00:09:18Z
nus333,base,pfy,pfy,18,18,0,0,5.082151e-07,5.082151e-07,1.977124e-11,0.322,e5b9385,2026-05-12T00:09:18Z
nus333,base,pg,pg(CES gov),2,2,0,0,1.328582e-08,1.328582e-08,1.977124e-11,0.322,e5b9385,2026-05-12T00:09:18Z
nus333,base,pgdpmp,pgdpmp,2,2,0,0,1.110223e-16,1.110223e-16,1.977124e-11,0.322,e5b9385,2026-05-12T00:09:18Z
nus333,base,phi,phi,2,2,0,0,2.913545e-07,2.913545e-07,1.977124e-11,0.322,e5b9385,2026-05-12T00:09:18Z
nus333,base,phiP,phip,2,2,0,0,6.188825e-10,6.188824e-10,1.977124e-11,0.322,e5b9385,2026-05-12T00:09:18Z
nus333,base,pi,pi,2,2,0,0,2.230831e-08,2.230831e-08,1.977124e-11,0.322,e5b9385,2026-05-12T00:09:18Z
nus333,base,pigbl,pigbl,1,1,0,0,2.171585e-08,2.171585e-08,1.977124e-11,0.322,e5b9385,2026-05-12T00:09:18Z
nus333,base,pm,pm,12,12,0,0,8.925345e-08,7.701994e-08,1.977124e-11,0.322,e5b9385,2026-05-12T00:09:18Z
nus333,base,pmcif,pmcif,12,12,0,0,8.527160e-08,7.719986e-08,1.977124e-11,0.322,e5b9385,2026-05-12T00:09:18Z
nus333,base,pmp,pmp,42,42,0,0,7.517912e-08,7.079790e-08,1.977124e-11,0.322,e5b9385,2026-05-12T00:09:18Z
nus333,base,pmt,pmt,6,6,0,0,7.044365e-08,7.044365e-08,1.977124e-11,0.322,e5b9385,2026-05-12T00:09:18Z
nus333,base,pmuv,pmuv,1,1,0,0,5.352560e-08,5.352560e-08,1.977124e-11,0.322,e5b9385,2026-05-12T00:09:18Z
nus333,base,pnd,pnd,6,6,0,0,2.907453e-08,2.907453e-08,1.977124e-11,0.322,e5b9385,2026-05-12T00:09:18Z
nus333,base,pnum,pnum,1,1,0,0,0.000000e+00,0.000000e+00,1.977124e-11,0.322,e5b9385,2026-05-12T00:09:18Z
nus333,base,pop,pop,2,2,0,0,0.000000e+00,0.000000e+00,1.977124e-11,0.322,e5b9385,2026-05-12T00:09:18Z
nus333,base,pp,pp_rai,18,18,0,0,8.679091e-08,8.679091e-08,1.977124e-11,0.322,e5b9385,2026-05-12T00:09:18Z
nus333,base,prdtx,prdtx,18,18,0,0,1.539175e-10,6.310392e-08,1.977124e-11,0.322,e5b9385,2026-05-12T00:09:18Z
nus333,base,ps,ps,6,6,0,0,8.679091e-08,8.679091e-08,1.977124e-11,0.322,e5b9385,2026-05-12T00:09:18Z
nus333,base,psave,psave,2,2,0,0,2.213554e-08,2.213554e-08,1.977124e-11,0.322,e5b9385,2026-05-12T00:09:18Z
nus333,base,ptmg,ptmg,3,3,0,0,1.295712e-08,1.295712e-08,1.977124e-11,0.322,e5b9385,2026-05-12T00:09:18Z
nus333,base,pva,pva,6,6,0,0,9.342326e-08,9.342326e-08,1.977124e-11,0.322,e5b9385,2026-05-12T00:09:18Z
nus333,base,pwfact,pwfact,1,1,0,0,1.892153e-11,1.892153e-11,1.977124e-11,0.322,e5b9385,2026-05-12T00:09:18Z
nus333,base,pwmg,pwmg,12,12,0,0,4.648810e-06,4.648789e-06,1.977124e-11,0.322,e5b9385,2026-05-12T00:09:18Z
nus333,base,px,px,6,6,0,0,5.849282e-08,5.849282e-08,1.977124e-11,0.322,e5b9385,2026-05-12T00:09:18Z
nus333,base,regY,regy,2,2,0,0,2.988593e-06,8.055521e-08,1.977124e-11,0.322,e5b9385,2026-05-12T00:09:18Z
nus333,base,rgdpmp,rgdpmp,2,2,0,0,2.177146e-06,6.455408e-08,1.977124e-11,0.322,e5b9385,2026-05-12T00:09:18Z
nus333,base,rorc,rorc,2,2,0,0,4.994429e-09,6.207195e-08,1.977124e-11,0.322,e5b9385,2026-05-12T00:09:18Z
nus333,base,rore,rore,2,2,0,0,2.495156e-08,4.155543e-07,1.977124e-11,0.322,e5b9385,2026-05-12T00:09:18Z
nus333,base,rorg,rorg,1,1,0,0,2.280394e-08,4.069214e-07,1.977124e-11,0.322,e5b9385,2026-05-12T00:09:18Z
nus333,base,rsav,rsav,2,2,0,0,8.283930e-07,1.313079e-07,1.977124e-11,0.322,e5b9385,2026-05-12T00:09:18Z
nus333,base,rtxshft,rtxshft,14,14,0,0,0.000000e+00,0.000000e+00,1.977124e-11,0.322,e5b9385,2026-05-12T00:09:18Z
nus333,base,savf,savf,2,2,0,0,1.804958e-08,2.170833e-08,1.977124e-11,0.322,e5b9385,2026-05-12T00:09:18Z
nus333,base,tmarg,tmarg,12,12,0,0,5.171552e-10,1.273081e-08,1.977124e-11,0.322,e5b9385,2026-05-12T00:09:18Z
nus333,base,u,u,2,2,0,0,9.911716e-08,9.911716e-08,1.977124e-11,0.322,e5b9385,2026-05-12T00:09:18Z
nus333,base,ued,ued,18,18,0,0,7.229403e-11,4.029113e-10,1.977124e-11,0.322,e5b9385,2026-05-12T00:09:18Z
nus333,base,ug,ug,2,2,0,0,1.445937e-07,1.445937e-07,1.977124e-11,0.322,e5b9385,2026-05-12T00:09:18Z
nus333,base,uh,uh,2,2,0,0,7.027818e-08,7.027818e-08,1.977124e-11,0.322,e5b9385,2026-05-12T00:09:18Z
nus333,base,us,us,2,2,0,0,1.534444e-07,1.534444e-07,1.977124e-11,0.322,e5b9385,2026-05-12T00:09:18Z
nus333,base,va,va,6,6,0,0,1.173482e-07,1.047869e-07,1.977124e-11,0.322,e5b9385,2026-05-12T00:09:18Z
nus333,base,x,x,18,18,0,0,1.312347e-06,1.049037e-07,1.977124e-11,0.322,e5b9385,2026-05-12T00:09:18Z
nus333,base,xa,xaa,42,42,0,0,2.952323e-06,6.254352e-07,1.977124e-11,0.322,e5b9385,2026-05-12T00:09:18Z
nus333,base,xcshr,xcshr,6,6,0,0,5.863335e-09,5.931224e-08,1.977124e-11,0.322,e5b9385,2026-05-12T00:09:18Z
nus333,base,xd,xd(=xda),42,42,0,0,2.829356e-06,6.254352e-07,1.977124e-11,0.322,e5b9385,2026-05-12T00:09:18Z
nus333,base,xds,xds,6,6,0,0,5.022654e-07,8.826594e-08,1.977124e-11,0.322,e5b9385,2026-05-12T00:09:18Z
nus333,base,xet,xet,6,6,0,0,8.274185e-07,1.922392e-06,1.977124e-11,0.322,e5b9385,2026-05-12T00:09:18Z
nus333,base,xf,xf,18,18,0,0,6.474368e-08,1.403593e-07,1.977124e-11,0.322,e5b9385,2026-05-12T00:09:18Z
nus333,base,xft,xft,6,6,0,0,4.999995e-11,1.073825e-10,1.977124e-11,0.322,e5b9385,2026-05-12T00:09:18Z
nus333,base,xg,xg(=yg/pg),2,2,0,0,1.060816e-06,1.445862e-07,1.977124e-11,0.322,e5b9385,2026-05-12T00:09:18Z
nus333,base,xi,xi(=xiagg),2,2,0,0,4.436102e-06,4.759977e-07,1.977124e-11,0.322,e5b9385,2026-05-12T00:09:18Z
nus333,base,xigbl,xigbl,1,1,0,0,5.714431e-06,8.278234e-07,1.977124e-11,0.322,e5b9385,2026-05-12T00:09:18Z
nus333,base,xm,xm(=xma),42,42,0,0,6.419440e-07,7.355541e-07,1.977124e-11,0.322,e5b9385,2026-05-12T00:09:18Z
nus333,base,xmgm,xmgm,36,36,0,0,1.861485e-07,4.523258e-06,1.977124e-11,0.322,e5b9385,2026-05-12T00:09:18Z
nus333,base,xmt,xmt,6,6,0,0,6.074310e-07,2.649929e-07,1.977124e-11,0.322,e5b9385,2026-05-12T00:09:18Z
nus333,base,xp,xp,6,6,0,0,1.911777e-07,1.047639e-07,1.977124e-11,0.322,e5b9385,2026-05-12T00:09:18Z
nus333,base,xs,xs,6,6,0,0,1.312347e-06,1.049037e-07,1.977124e-11,0.322,e5b9385,2026-05-12T00:09:18Z
nus333,base,xtmg,xtmg,1,1,0,0,3.387482e-07,6.249916e-07,1.977124e-11,0.322,e5b9385,2026-05-12T00:09:18Z
nus333,base,xw,xw,12,12,0,0,1.462024e-07,1.655202e-06,1.977124e-11,0.322,e5b9385,2026-05-12T00:09:18Z
nus333,base,xwmg,xwmg,12,12,0,0,5.439084e-09,4.968037e-07,1.977124e-11,0.322,e5b9385,2026-05-12T00:09:18Z
nus333,base,yc,yc,2,2,0,0,1.196837e-06,5.775552e-08,1.977124e-11,0.322,e5b9385,2026-05-12T00:09:18Z
nus333,base,yg,yg,2,2,0,0,9.633395e-07,1.313004e-07,1.977124e-11,0.322,e5b9385,2026-05-12T00:09:18Z
nus333,base,yi,yi,2,2,0,0,7.422943e-07,7.315441e-08,1.977124e-11,0.322,e5b9385,2026-05-12T00:09:18Z
nus333,base,ytax,ytax,17,17,0,0,1.345001e-07,5.161742e-07,1.977124e-11,0.322,e5b9385,2026-05-12T00:09:18Z
nus333,base,ytaxInd,ytaxInd,2,2,0,0,1.356031e-07,3.768549e-08,1.977124e-11,0.322,e5b9385,2026-05-12T00:09:18Z
nus333,base,ytaxTot,ytaxTot,2,2,0,0,2.009782e-07,4.660511e-08,1.977124e-11,0.322,e5b9385,2026-05-12T00:09:18Z
nus333,base,ytaxshr,ytaxshr,17,17,0,0,1.348647e-08,5.505633e-07,1.977124e-11,0.322,e5b9385,2026-05-12T00:09:18Z
nus333,base,zcons,zcons,6,6,0,0,2.143654e-09,5.939710e-08,1.977124e-11,0.322,e5b9385,2026-05-12T00:09:18Z
nus333,base,__SUMMARY__,,1304,1304,0,0,,,1.977124e-11,0.322,e5b9385,2026-05-12T00:09:18Z
nus333,shock,afeall,afeall,18,18,0,0,0.000000e+00,0.000000e+00,2.077103e-07,0.322,e5b9385,2026-05-12T00:09:18Z
nus333,shock,afecom,afecom,3,3,0,0,0.000000e+00,0.000000e+00,2.077103e-07,0.322,e5b9385,2026-05-12T00:09:18Z
nus333,shock,afefac,afefac,6,6,0,0,0.000000e+00,0.000000e+00,2.077103e-07,0.322,e5b9385,2026-05-12T00:09:18Z
nus333,shock,afereg,afereg,2,2,0,0,0.000000e+00,0.000000e+00,2.077103e-07,0.322,e5b9385,2026-05-12T00:09:18Z
nus333,shock,afesec,afesec,3,3,0,0,0.000000e+00,0.000000e+00,2.077103e-07,0.322,e5b9385,2026-05-12T00:09:18Z
nus333,shock,aioall,aioall,18,18,0,0,0.000000e+00,0.000000e+00,2.077103e-07,0.322,e5b9385,2026-05-12T00:09:18Z
nus333,shock,aiocom,aiocom,3,3,0,0,0.000000e+00,0.000000e+00,2.077103e-07,0.322,e5b9385,2026-05-12T00:09:18Z
nus333,shock,aioreg,aioreg,2,2,0,0,0.000000e+00,0.000000e+00,2.077103e-07,0.322,e5b9385,2026-05-12T00:09:18Z
nus333,shock,aiosec,aiosec,3,3,0,0,0.000000e+00,0.000000e+00,2.077103e-07,0.322,e5b9385,2026-05-12T00:09:18Z
nus333,shock,andall,andall,6,6,0,0,0.000000e+00,0.000000e+00,2.077103e-07,0.322,e5b9385,2026-05-12T00:09:18Z
nus333,shock,andreg,andreg,2,2,0,0,0.000000e+00,0.000000e+00,2.077103e-07,0.322,e5b9385,2026-05-12T00:09:18Z
nus333,shock,andsec,andsec,3,3,0,0,0.000000e+00,0.000000e+00,2.077103e-07,0.322,e5b9385,2026-05-12T00:09:18Z
nus333,shock,ape,ape,18,18,0,0,4.810801e-10,2.258651e-10,2.077103e-07,0.322,e5b9385,2026-05-12T00:09:18Z
nus333,shock,arent,arent,2,2,0,0,3.904613e-08,3.663193e-07,2.077103e-07,0.322,e5b9385,2026-05-12T00:09:18Z
nus333,shock,au,au,2,2,0,0,0.000000e+00,0.000000e+00,2.077103e-07,0.322,e5b9385,2026-05-12T00:09:18Z
nus333,shock,aug,aug,2,2,0,0,1.024292e-12,7.515141e-12,2.077103e-07,0.322,e5b9385,2026-05-12T00:09:18Z
nus333,shock,aus,aus,2,2,0,0,2.886580e-15,1.715156e-15,2.077103e-07,0.322,e5b9385,2026-05-12T00:09:18Z
nus333,shock,avaall,avaall,6,6,0,0,0.000000e+00,0.000000e+00,2.077103e-07,0.322,e5b9385,2026-05-12T00:09:18Z
nus333,shock,avareg,avareg,2,2,0,0,0.000000e+00,0.000000e+00,2.077103e-07,0.322,e5b9385,2026-05-12T00:09:18Z
nus333,shock,avasec,avasec,3,3,0,0,0.000000e+00,0.000000e+00,2.077103e-07,0.322,e5b9385,2026-05-12T00:09:18Z
nus333,shock,axp,axp,6,6,0,0,0.000000e+00,0.000000e+00,2.077103e-07,0.322,e5b9385,2026-05-12T00:09:18Z
nus333,shock,axpall,axpall,6,6,0,0,0.000000e+00,0.000000e+00,2.077103e-07,0.322,e5b9385,2026-05-12T00:09:18Z
nus333,shock,axpreg,axpreg,2,2,0,0,0.000000e+00,0.000000e+00,2.077103e-07,0.322,e5b9385,2026-05-12T00:09:18Z
nus333,shock,axpsec,axpsec,3,3,0,0,0.000000e+00,0.000000e+00,2.077103e-07,0.322,e5b9385,2026-05-12T00:09:18Z
nus333,shock,betag,betag,2,2,0,0,1.484755e-08,8.416553e-08,2.077103e-07,0.322,e5b9385,2026-05-12T00:09:18Z
nus333,shock,betap,betap,2,2,0,0,6.541120e-08,8.416509e-08,2.077103e-07,0.322,e5b9385,2026-05-12T00:09:18Z
nus333,shock,betas,betas,2,2,0,0,1.083854e-08,8.416553e-08,2.077103e-07,0.322,e5b9385,2026-05-12T00:09:18Z
nus333,shock,bh,bh,6,6,0,0,3.647765e-11,1.116699e-10,2.077103e-07,0.322,e5b9385,2026-05-12T00:09:18Z
nus333,shock,ced,ced,18,18,0,0,7.040316e-11,5.190066e-10,2.077103e-07,0.322,e5b9385,2026-05-12T00:09:18Z
nus333,shock,chiInv,chiInv,2,2,0,0,6.572520e-13,3.182284e-12,2.077103e-07,0.322,e5b9385,2026-05-12T00:09:18Z
nus333,shock,chiSave,chiSave,1,1,0,0,2.916971e-08,2.913187e-08,2.077103e-07,0.322,e5b9385,2026-05-12T00:09:18Z
nus333,shock,chif,chif,2,2,0,0,3.776365e-08,5.882561e-07,2.077103e-07,0.322,e5b9385,2026-05-12T00:09:18Z
nus333,shock,cv,cv,2,2,0,0,4.119758e-06,2.877966e-07,2.077103e-07,0.322,e5b9385,2026-05-12T00:09:18Z
nus333,shock,dintx,dintx,42,42,0,0,1.581256e-10,1.602562e-03,2.077103e-07,0.322,e5b9385,2026-05-12T00:09:18Z
nus333,shock,dtxshft,dtxshft,42,42,0,0,0.000000e+00,0.000000e+00,2.077103e-07,0.322,e5b9385,2026-05-12T00:09:18Z
nus333,shock,eh,eh,6,6,0,0,4.031981e-10,3.571127e-10,2.077103e-07,0.322,e5b9385,2026-05-12T00:09:18Z
nus333,shock,etax,etax,6,6,0,0,0.000000e+00,0.000000e+00,2.077103e-07,0.322,e5b9385,2026-05-12T00:09:18Z
nus333,shock,ev,ev,2,2,0,0,5.615511e-06,2.420040e-07,2.077103e-07,0.322,e5b9385,2026-05-12T00:09:18Z
nus333,shock,exptx,exptx,12,12,0,0,1.041978e-10,2.098969e-07,2.077103e-07,0.322,e5b9385,2026-05-12T00:09:18Z
nus333,shock,factY,facty,2,2,0,0,4.177619e-06,3.854770e-07,2.077103e-07,0.322,e5b9385,2026-05-12T00:09:18Z
nus333,shock,fctts,fctts,18,18,0,0,0.000000e+00,0.000000e+00,2.077103e-07,0.322,e5b9385,2026-05-12T00:09:18Z
nus333,shock,fcttx,fcttx,18,18,0,0,1.023669e-10,1.690678e-09,2.077103e-07,0.322,e5b9385,2026-05-12T00:09:18Z
nus333,shock,gdpmp,gdpmp,2,2,0,0,5.713310e-06,3.777653e-07,2.077103e-07,0.322,e5b9385,2026-05-12T00:09:18Z
nus333,shock,imptx,imptx,12,12,0,0,5.607552e-10,4.263138e-09,2.077103e-07,0.322,e5b9385,2026-05-12T00:09:18Z
nus333,shock,incelas,incelas,6,6,0,0,9.241830e-11,1.223688e-10,2.077103e-07,0.322,e5b9385,2026-05-12T00:09:18Z
nus333,shock,kapEnd,kapEnd,2,2,0,0,5.218581e-06,4.273061e-08,2.077103e-07,0.322,e5b9385,2026-05-12T00:09:18Z
nus333,shock,kappaf,kappaf,14,14,0,0,1.023670e-10,2.191645e-09,2.077103e-07,0.322,e5b9385,2026-05-12T00:09:18Z
nus333,shock,kstock,kstock,2,2,0,0,0.000000e+00,0.000000e+00,2.077103e-07,0.322,e5b9385,2026-05-12T00:09:18Z
nus333,shock,lambdaf,lambdaf,18,18,0,0,0.000000e+00,0.000000e+00,2.077103e-07,0.322,e5b9385,2026-05-12T00:09:18Z
nus333,shock,lambdai,lambdai,6,6,0,0,0.000000e+00,0.000000e+00,2.077103e-07,0.322,e5b9385,2026-05-12T00:09:18Z
nus333,shock,lambdaio,lambdaio,18,18,0,0,0.000000e+00,0.000000e+00,2.077103e-07,0.322,e5b9385,2026-05-12T00:09:18Z
nus333,shock,lambdam,lambdam,12,12,0,0,0.000000e+00,0.000000e+00,2.077103e-07,0.322,e5b9385,2026-05-12T00:09:18Z
nus333,shock,lambdamg,lambdamg,36,36,0,0,0.000000e+00,0.000000e+00,2.077103e-07,0.322,e5b9385,2026-05-12T00:09:18Z
nus333,shock,lambdand,lambdand,6,6,0,0,0.000000e+00,0.000000e+00,2.077103e-07,0.322,e5b9385,2026-05-12T00:09:18Z
nus333,shock,lambdava,lambdava,6,6,0,0,0.000000e+00,0.000000e+00,2.077103e-07,0.322,e5b9385,2026-05-12T00:09:18Z
nus333,shock,mintx,mintx,42,42,0,0,8.457408e-10,1.602564e-03,2.077103e-07,0.322,e5b9385,2026-05-12T00:09:18Z
nus333,shock,mtax,mtax,6,6,0,0,0.000000e+00,0.000000e+00,2.077103e-07,0.322,e5b9385,2026-05-12T00:09:18Z
nus333,shock,mtxshft,mtxshft,42,42,0,0,0.000000e+00,0.000000e+00,2.077103e-07,0.322,e5b9385,2026-05-12T00:09:18Z
nus333,shock,nd,nd,6,6,0,0,1.966213e-06,3.426207e-06,2.077103e-07,0.322,e5b9385,2026-05-12T00:09:18Z
nus333,shock,p,p,18,18,0,0,1.186101e-06,1.170767e-06,2.077103e-07,0.322,e5b9385,2026-05-12T00:09:18Z
nus333,shock,pa,pa,42,42,0,0,1.177579e-06,1.159686e-06,2.077103e-07,0.322,e5b9385,2026-05-12T00:09:18Z
nus333,shock,pabs,pabs,2,2,0,0,2.992663e-07,2.864971e-07,2.077103e-07,0.322,e5b9385,2026-05-12T00:09:18Z
nus333,shock,pcons,pcons,2,2,0,0,2.993291e-07,2.865595e-07,2.077103e-07,0.322,e5b9385,2026-05-12T00:09:18Z
nus333,shock,pd,pd,6,6,0,0,1.181606e-06,1.170767e-06,2.077103e-07,0.322,e5b9385,2026-05-12T00:09:18Z
nus333,shock,pdp,pdp,42,42,0,0,1.198975e-06,1.170858e-06,2.077103e-07,0.322,e5b9385,2026-05-12T00:09:18Z
nus333,shock,pe,pe,12,12,0,0,1.181606e-06,1.170767e-06,2.077103e-07,0.322,e5b9385,2026-05-12T00:09:18Z
nus333,shock,pefob,pefob,12,12,0,0,1.181285e-06,1.170871e-06,2.077103e-07,0.322,e5b9385,2026-05-12T00:09:18Z
nus333,shock,pet,pet,6,6,0,0,1.181606e-06,1.170767e-06,2.077103e-07,0.322,e5b9385,2026-05-12T00:09:18Z
nus333,shock,pf,pf,18,18,0,0,9.327379e-06,8.681225e-06,2.077103e-07,0.322,e5b9385,2026-05-12T00:09:18Z
nus333,shock,pfa,pfa,18,18,0,0,7.792904e-06,8.681102e-06,2.077103e-07,0.322,e5b9385,2026-05-12T00:09:18Z
nus333,shock,pfact,pfact,2,2,0,0,3.822702e-07,3.705422e-07,2.077103e-07,0.322,e5b9385,2026-05-12T00:09:18Z
nus333,shock,pft,pft,6,6,0,0,8.891827e-06,8.681332e-06,2.077103e-07,0.322,e5b9385,2026-05-12T00:09:18Z
nus333,shock,pfy,pfy,18,18,0,0,8.891827e-06,8.681332e-06,2.077103e-07,0.322,e5b9385,2026-05-12T00:09:18Z
nus333,shock,pg,pg(CES gov),2,2,0,0,3.385347e-07,3.262538e-07,2.077103e-07,0.322,e5b9385,2026-05-12T00:09:18Z
nus333,shock,pgdpmp,pgdpmp,2,2,0,0,3.725053e-07,3.555667e-07,2.077103e-07,0.322,e5b9385,2026-05-12T00:09:18Z
nus333,shock,phi,phi,2,2,0,0,8.394414e-08,8.395286e-08,2.077103e-07,0.322,e5b9385,2026-05-12T00:09:18Z
nus333,shock,phiP,phip,2,2,0,0,2.233726e-08,2.236264e-08,2.077103e-07,0.322,e5b9385,2026-05-12T00:09:18Z
nus333,shock,pi,pi,2,2,0,0,2.609259e-07,2.482959e-07,2.077103e-07,0.322,e5b9385,2026-05-12T00:09:18Z
nus333,shock,pigbl,pigbl,1,1,0,0,2.114818e-07,2.046797e-07,2.077103e-07,0.322,e5b9385,2026-05-12T00:09:18Z
nus333,shock,pm,pm,12,12,0,0,1.478491e-06,1.149373e-06,2.077103e-07,0.322,e5b9385,2026-05-12T00:09:18Z
nus333,shock,pmcif,pmcif,12,12,0,0,1.280926e-06,1.149193e-06,2.077103e-07,0.322,e5b9385,2026-05-12T00:09:18Z
nus333,shock,pmp,pmp,42,42,0,0,1.185320e-06,1.047681e-06,2.077103e-07,0.322,e5b9385,2026-05-12T00:09:18Z
nus333,shock,pmt,pmt,6,6,0,0,1.165906e-06,1.047504e-06,2.077103e-07,0.322,e5b9385,2026-05-12T00:09:18Z
nus333,shock,pmuv,pmuv,1,1,0,0,1.815811e-07,1.765611e-07,2.077103e-07,0.322,e5b9385,2026-05-12T00:09:18Z
nus333,shock,pnd,pnd,6,6,0,0,3.543274e-07,3.392570e-07,2.077103e-07,0.322,e5b9385,2026-05-12T00:09:18Z
nus333,shock,pnum,pnum,1,1,0,0,0.000000e+00,0.000000e+00,2.077103e-07,0.322,e5b9385,2026-05-12T00:09:18Z
nus333,shock,pop,pop,2,2,0,0,0.000000e+00,0.000000e+00,2.077103e-07,0.322,e5b9385,2026-05-12T00:09:18Z
nus333,shock,pp,pp_rai,18,18,0,0,1.181606e-06,1.170767e-06,2.077103e-07,0.322,e5b9385,2026-05-12T00:09:18Z
nus333,shock,prdtx,prdtx,18,18,0,0,1.539175e-10,6.310392e-08,2.077103e-07,0.322,e5b9385,2026-05-12T00:09:18Z
nus333,shock,ps,ps,6,6,0,0,1.181606e-06,1.170767e-06,2.077103e-07,0.322,e5b9385,2026-05-12T00:09:18Z
nus333,shock,psave,psave,2,2,0,0,2.919475e-07,2.774554e-07,2.077103e-07,0.322,e5b9385,2026-05-12T00:09:18Z
nus333,shock,ptmg,ptmg,3,3,0,0,2.222260e-07,2.205005e-07,2.077103e-07,0.322,e5b9385,2026-05-12T00:09:18Z
nus333,shock,pva,pva,6,6,0,0,1.809993e-06,1.816200e-06,2.077103e-07,0.322,e5b9385,2026-05-12T00:09:18Z
nus333,shock,pwfact,pwfact,1,1,0,0,1.508127e-12,1.508127e-12,2.077103e-07,0.322,e5b9385,2026-05-12T00:09:18Z
nus333,shock,pwmg,pwmg,12,12,0,0,4.920473e-06,4.882245e-06,2.077103e-07,0.322,e5b9385,2026-05-12T00:09:18Z
nus333,shock,px,px,6,6,0,0,1.181658e-06,1.170819e-06,2.077103e-07,0.322,e5b9385,2026-05-12T00:09:18Z
nus333,shock,regY,regy,2,2,0,0,5.188321e-06,3.876998e-07,2.077103e-07,0.322,e5b9385,2026-05-12T00:09:18Z
nus333,shock,rgdpmp,rgdpmp,2,2,0,0,1.198200e-05,2.887070e-07,2.077103e-07,0.322,e5b9385,2026-05-12T00:09:18Z
nus333,shock,rorc,rorc,2,2,0,0,1.192526e-08,1.941247e-07,2.077103e-07,0.322,e5b9385,2026-05-12T00:09:18Z
nus333,shock,rore,rore,2,2,0,0,3.565631e-08,6.241657e-07,2.077103e-07,0.322,e5b9385,2026-05-12T00:09:18Z
nus333,shock,rorg,rorg,1,1,0,0,1.872185e-09,3.503004e-08,2.077103e-07,0.322,e5b9385,2026-05-12T00:09:18Z
nus333,shock,rsav,rsav,2,2,0,0,3.355440e-07,3.874945e-07,2.077103e-07,0.322,e5b9385,2026-05-12T00:09:18Z
nus333,shock,rtxshft,rtxshft,14,14,0,0,0.000000e+00,0.000000e+00,2.077103e-07,0.322,e5b9385,2026-05-12T00:09:18Z
nus333,shock,savf,savf,2,2,0,0,1.758448e-07,2.046872e-07,2.077103e-07,0.322,e5b9385,2026-05-12T00:09:18Z
nus333,shock,tmarg,tmarg,12,12,0,0,5.171552e-10,1.273081e-08,2.077103e-07,0.322,e5b9385,2026-05-12T00:09:18Z
nus333,shock,u,u,2,2,0,0,2.524520e-07,2.545390e-07,2.077103e-07,0.322,e5b9385,2026-05-12T00:09:18Z
nus333,shock,ued,ued,18,18,0,0,7.229403e-11,4.029113e-10,2.077103e-07,0.322,e5b9385,2026-05-12T00:09:18Z
nus333,shock,ug,ug,2,2,0,0,3.011519e-07,2.994496e-07,2.077103e-07,0.322,e5b9385,2026-05-12T00:09:18Z
nus333,shock,uh,uh,2,2,0,0,2.394773e-07,2.420580e-07,2.077103e-07,0.322,e5b9385,2026-05-12T00:09:18Z
nus333,shock,us,us,2,2,0,0,2.414851e-07,2.451732e-07,2.077103e-07,0.322,e5b9385,2026-05-12T00:09:18Z
nus333,shock,va,va,6,6,0,0,3.128264e-06,3.426207e-06,2.077103e-07,0.322,e5b9385,2026-05-12T00:09:18Z
nus333,shock,x,x,18,18,0,0,1.119829e-04,3.426207e-06,2.077103e-07,0.322,e5b9385,2026-05-12T00:09:18Z
nus333,shock,xa,xaa,42,42,0,0,7.770278e-05,6.594931e-04,2.077103e-07,0.322,e5b9385,2026-05-12T00:09:18Z
nus333,shock,xcshr,xcshr,6,6,0,0,4.235286e-08,9.693288e-07,2.077103e-07,0.322,e5b9385,2026-05-12T00:09:18Z
nus333,shock,xd,xd(=xda),42,42,0,0,7.658121e-05,6.593986e-04,2.077103e-07,0.322,e5b9385,2026-05-12T00:09:18Z
nus333,shock,xds,xds,6,6,0,0,7.248246e-05,3.006378e-06,2.077103e-07,0.322,e5b9385,2026-05-12T00:09:18Z
nus333,shock,xet,xet,6,6,0,0,3.950042e-05,4.963031e-06,2.077103e-07,0.322,e5b9385,2026-05-12T00:09:18Z
nus333,shock,xf,xf,18,18,0,0,1.738306e-06,3.495587e-06,2.077103e-07,0.322,e5b9385,2026-05-12T00:09:18Z
nus333,shock,xft,xft,6,6,0,0,4.999995e-11,1.073825e-10,2.077103e-07,0.322,e5b9385,2026-05-12T00:09:18Z
nus333,shock,xg,xg(=yg/pg),2,2,0,0,2.215952e-06,3.003205e-07,2.077103e-07,0.322,e5b9385,2026-05-12T00:09:18Z
nus333,shock,xi,xi(=xiagg),2,2,0,0,5.218581e-06,5.189316e-07,2.077103e-07,0.322,e5b9385,2026-05-12T00:09:18Z
nus333,shock,xigbl,xigbl,1,1,0,0,4.933433e-06,7.260098e-07,2.077103e-07,0.322,e5b9385,2026-05-12T00:09:18Z
nus333,shock,xm,xm(=xma),42,42,0,0,3.167584e-05,6.592586e-04,2.077103e-07,0.322,e5b9385,2026-05-12T00:09:18Z
nus333,shock,xmgm,xmgm,36,36,0,0,1.771766e-06,5.744740e-06,2.077103e-07,0.322,e5b9385,2026-05-12T00:09:18Z
nus333,shock,xmt,xmt,6,6,0,0,4.255668e-05,5.029980e-06,2.077103e-07,0.322,e5b9385,2026-05-12T00:09:18Z
nus333,shock,xp,xp,6,6,0,0,5.094477e-06,3.426207e-06,2.077103e-07,0.322,e5b9385,2026-05-12T00:09:18Z
nus333,shock,xs,xs,6,6,0,0,1.119829e-04,3.426207e-06,2.077103e-07,0.322,e5b9385,2026-05-12T00:09:18Z
nus333,shock,xtmg,xtmg,1,1,0,0,1.771883e-06,4.098332e-06,2.077103e-07,0.322,e5b9385,2026-05-12T00:09:18Z
nus333,shock,xw,xw,12,12,0,0,3.744451e-05,5.257201e-06,2.077103e-07,0.322,e5b9385,2026-05-12T00:09:18Z
nus333,shock,xwmg,xwmg,12,12,0,0,1.621402e-06,5.257201e-06,2.077103e-07,0.322,e5b9385,2026-05-12T00:09:18Z
nus333,shock,yc,yc,2,2,0,0,4.032988e-06,3.877596e-07,2.077103e-07,0.322,e5b9385,2026-05-12T00:09:18Z
nus333,shock,yg,yg,2,2,0,0,9.146864e-07,3.874945e-07,2.077103e-07,0.322,e5b9385,2026-05-12T00:09:18Z
nus333,shock,yi,yi,2,2,0,0,3.759507e-06,3.634402e-07,2.077103e-07,0.322,e5b9385,2026-05-12T00:09:18Z
nus333,shock,ytax,ytax,20,20,0,0,5.470241e-06,3.333962e-05,2.077103e-07,0.322,e5b9385,2026-05-12T00:09:18Z
nus333,shock,ytaxInd,ytaxInd,2,2,0,0,5.914061e-06,6.418485e-07,2.077103e-07,0.322,e5b9385,2026-05-12T00:09:18Z
nus333,shock,ytaxTot,ytaxTot,2,2,0,0,4.979704e-06,3.825210e-07,2.077103e-07,0.322,e5b9385,2026-05-12T00:09:18Z
nus333,shock,ytaxshr,ytaxshr,20,20,0,0,1.428010e-07,3.327311e-05,2.077103e-07,0.322,e5b9385,2026-05-12T00:09:18Z
nus333,shock,zcons,zcons,6,6,0,0,1.595605e-08,9.928697e-07,2.077103e-07,0.322,e5b9385,2026-05-12T00:09:18Z
nus333,shock,__SUMMARY__,,1310,1310,0,0,,,2.077103e-07,0.322,e5b9385,2026-05-12T00:09:18Z
